{
  "version": 1,
  "author": "Anonymous maker",
  "editor": "wokwi",
  "parts": [
    { "type": "board-esp32-devkit-c-v4", "id": "esp", "top": 38.4, "left": 148.84, "attrs": {} },
    {
      "type": "wokwi-photoresistor-sensor",
      "id": "ldr1",
      "top": 214.4,
      "left": -239.2,
      "attrs": {}
    },
    {
      "type": "wokwi-ntc-temperature-sensor",
      "id": "ntc2",
      "top": 117.8,
      "left": -202.2,
      "attrs": {}
    },
    { "type": "wokwi-dht22", "id": "dht1", "top": -76.5, "left": 42.6, "attrs": {} },
    { "type": "board-ds18b20", "id": "temp1", "top": -39.53, "left": -43.92, "attrs": {} },
    {
      "type": "wokwi-resistor",
      "id": "r1",
      "top": 61.55,
      "left": -19.2,
      "attrs": { "value": "10000" }
    },
    {
      "type": "wokwi-resistor",
      "id": "r2",
      "top": 70.6,
      "left": -68.05,
      "rotate": 270,
      "attrs": { "value": "10000" }
    }
  ],
  "connections": [
    [ "esp:TX", "$serialMonitor:RX", "", [] ],
    [ "esp:RX", "$serialMonitor:TX", "", [] ],
    [ "esp:3V3", "dht1:VCC", "#8f4814", [ "h0" ] ],
    [ "esp:32", "dht1:SDA", "purple", [ "h0" ] ],
    [ "esp:3V3", "r1:2", "green", [ "h0" ] ],
    [ "r1:1", "temp1:VCC", "green", [ "v0" ] ],
    [ "temp1:DQ", "esp:35", "yellow", [ "v0" ] ],
    [ "r2:2", "temp1:GND", "black", [ "h0" ] ],
    [ "r2:1", "esp:GND.1", "black", [ "h0", "v76.8" ] ],
    [ "dht1:GND", "esp:GND.1", "black", [ "v0" ] ],
    [ "ntc2:GND", "esp:GND.1", "black", [ "h28.8", "v48" ] ],
    [ "ntc2:VCC", "esp:3V3", "#8f4814", [ "h124.8", "v-67.2" ] ],
    [ "ntc2:OUT", "esp:VN", "cyan", [ "h182.4", "v-67.3" ] ],
    [ "ldr1:VCC", "esp:3V3", "#8f4814", [ "h172.8", "v-163.2", "h240" ] ],
    [ "ldr1:GND", "esp:GND.1", "black", [ "h76.8", "v-48.4" ] ],
    [ "ldr1:AO", "esp:VP", "blue", [ "h192", "v-173.5" ] ]
  ],
  "dependencies": {}
}